{
  "images" : [
    {
      "filename" : "naruto-chidori-naruto-naruto-uzumaki-rasengan-naruto-sasuke-uchiha-hd-wallpaper-preview.jpeg",
      "idiom" : "universal",
      "scale" : "1x"
    },
    {
      "filename" : "naruto-chidori-naruto-naruto-uzumaki-rasengan-naruto-sasuke-uchiha-hd-wallpaper-preview@2x.jpeg",
      "idiom" : "universal",
      "scale" : "2x"
    },
    {
      "filename" : "naruto-chidori-naruto-naruto-uzumaki-rasengan-naruto-sasuke-uchiha-hd-wallpaper-preview@3x.jpeg",
      "idiom" : "universal",
      "scale" : "3x"
    }
  ],
  "info" : {
    "author" : "xcode",
    "version" : 1
  }
}
